{"rms": 0.5101032421674312, "camera_matrix": [[973.0718740135261, 0.0, 659.4485450692952], [0.0, 972.8369778358648, 317.26398442291725], [0.0, 0.0, 1.0]], "dist_coefs": [-0.157315106934694, 0.32859134292751335, -0.0002731237102901061, -0.00014352342352645084, -0.27166424141295625]}
